eventId, title, description, startDateTime, endDateTime
1 ,test1 ,test11 , 2026-01-01T12:30:00 , 2026-01-02T01:00:00
2 ,test2 ,test22 , 2026-02-12T00:00:00 , 2026-02-13T00:00:00
3 ,testLoop ,test33 , 2026-04-12T12:00:00 , 2026-05-14T15:50:00
4 ,test 55 ,test 55 , 2026-01-03T12:00:00 , 2026-01-04T12:30:00
5 ,testPrint ,test , 2026-01-20T12:00:00 , 2026-01-20T12:30:00
7 ,test66 ,test66 , 2026-01-12T01:00:00 , 2026-01-23T13:00:00
8 ,test77 ,test , 2026-01-12T12:30:00 , 2026-01-13T01:00:00
9 ,testShow ,test , 2026-01-28T12:30:00 , 2026-01-29T12:30:00
10 ,testSameDate ,test , 2026-01-01T12:30:00 , 2026-01-12T01:00:00
11 ,testRec ,test , 2026-01-01T12:30:00 , 2026-01-10T12:30:00
12 ,test1010 ,test , 2026-01-12T12:30:00 , 2026-01-20T12:30:00
13 ,testTime ,1 , 2026-01-04T12:30:00 , 2026-01-04T14:30:00
14, testNew, test, 2026-01-01T15:00, 2026-01-01T16:00
15, test, test, 2026-12-12T12:30, 2026-12-12T14:00
16, testing, testing, 2026-01-18T12:00, 2026-01-18T23:00
17,test,new,2026-01-27T01:00,2026-01-27T02:00
